{
  "results": {
    "columns": [
      "catdname",
      "vmapid",
      "img",
      "pos",
      "atype",
      "link",
      "pop_cat_flg",
      "view_flag",
      "n_catid",
      "child_present",
      "clickable",
      "grid_flag",
      "skipVerif",
      "description",
      "area_flow_type",
      "search_flow_type",
      "uflag"
    ],
    "banner": [
      [
        "Banner 1",
        "15373",
        "i_booktable.jpg",
        "4",
        "0",
        "",
        "1",
        "0",
        "11274857",
        "1",
        "1",
        "1",
        "0",
        "Reserve a table quickly and easily",
        "0",
        "0",
        0
      ],
     [
        "Banner 1",
        "15373",
        "i_booktable.jpg",
        "4",
        "0",
        "",
        "1",
        "0",
        "11274857",
        "1",
        "1",
        "1",
        "0",
        "Reserve a table quickly and easily",
        "0",
        "0",
        0
      ],
[
        "Banner 1",
        "15373",
        "i_booktable.jpg",
        "4",
        "0",
        "",
        "1",
        "0",
        "11274857",
        "1",
        "1",
        "1",
        "0",
        "Reserve a table quickly and easily",
        "0",
        "0",
        0
      ]
    ],
    "task":[
      [
        "Home Delivery",
        "15230",
        "i_homedelivery.jpg",
        "3",
        "0",
        "",
        "1",
        "0",
        "10250324",
        "1",
        "0",
        "0",
        "0",
        "Never miss a meal again",
        "0",
        "0",
        0
      ],
      [
        "Book Table",
        "15373",
        "i_booktable.jpg",
        "4",
        "0",
        "",
        "1",
        "0",
        "11274857",
        "1",
        "0",
        "0",
        "0",
        "Reserve a table quickly and easily",
        "0",
        "0",
        0
      ]
    ],
    "category": [
      [
        "Trending",
        "15237",
        "i_trending.jpg",
        "1",
        "0",
        "",
        "1",
        "0",
        "11263749",
        "1",
        "0",
        "0",
        "0",
        "Explore the most popular restaurants",
        "1",
        "1",
        0
      ],
      [
        "Cuisines",
        "15234",
        "i_cuisines.jpg",
        "2",
        "1",
        "",
        "1",
        "0",
        "11303502",
        "1",
        "0",
        "1",
        "0",
        "Find your choice of cuisine",
        "0",
        "0",
        0
      ],
      [
        "Foodie Delights",
        "15513",
        "i_foodiedelights.jpg",
        "5",
        "1",
        "",
        "1",
        "0",
        "11305079",
        "1",
        "0",
        "0",
        "0",
        "The very best picks in your city",
        "0",
        "0",
        0
      ],
      [
        "Nightlife",
        "15228",
        "i_nightlife.jpg",
        "6",
        "1",
        "",
        "1",
        "0",
        "10337762",
        "1",
        "0",
        "0",
        "0",
        "Check out the most happening places",
        "0",
        "0",
        0
      ],
      [
        "Pizzas",
        "15229",
        "i_pizzas.jpg",
        "7",
        "1",
        "",
        "1",
        "0",
        "11055679",
        "1",
        "0",
        "0",
        "0",
        "Happiness is a slice of Pizza",
        "0",
        "0",
        0
      ],
      [
        "Coffee",
        "15232",
        "i_coffee.jpg",
        "8",
        "0",
        "",
        "1",
        "0",
        "10104727",
        "1",
        "0",
        "0",
        "0",
        "Spill the beans",
        "0",
        "0",
        0
      ],
      [
        "Bakeries",
        "15231",
        "i_bakeries.jpg",
        "9",
        "0",
        "",
        "1",
        "0",
        "10033880",
        "1",
        "0",
        "0",
        "0",
        "Find your next tasty treat",
        "0",
        "0",
        0
      ],
      [
        "Desserts",
        "15233",
        "i_desserts.jpg",
        "10",
        "0",
        "",
        "1",
        "0",
        "10157864",
        "1",
        "0",
        "0",
        "0",
        "Satiate your sweet cravings",
        "0",
        "0",
        0
      ]
    ],
    "view all":[
        "View All",
        "777777777",
        "i_viewall.jpg",
        "0",
        "0",
        "",
        "0",
        "1",
        "777777777",
        "1",
        "0",
        "0",
        "0",
        "",
        0,
        0,
        0
      ],
    "vid": "89",
    "vn": "Restaurants ",
    "icon_path": "http://akam.cdn.jdmagicbox.com/images/icons/android/2x/",
    "banner_path": "http://akam.cdn.jdmagicbox.com/images/hotkey/android_banner/1x/",
    "img": "b_restaurants.jpg",
    "vmsg": "",
    "totalnoofresult": 10
  },
  "errorcode": "0",
  "msg": ""
}
